GEO.id,GEO.id2,GEO.display-label,HD01_VD01,HD02_VD01
Id,Id2,Geography,Estimate; Total,Margin of Error; Total
8600000US27006,27006,ZCTA5 27006,14136,883
8600000US27007,27007,ZCTA5 27007,2195,284
8600000US27009,27009,ZCTA5 27009,2402,381
8600000US27011,27011,ZCTA5 27011,5745,606
8600000US27012,27012,ZCTA5 27012,25699,868
8600000US27013,27013,ZCTA5 27013,6086,615
8600000US27014,27014,ZCTA5 27014,750,176
8600000US27016,27016,ZCTA5 27016,1747,330
8600000US27017,27017,ZCTA5 27017,9399,641
8600000US27018,27018,ZCTA5 27018,7438,629
8600000US27019,27019,ZCTA5 27019,4069,608
8600000US27020,27020,ZCTA5 27020,5766,777
8600000US27021,27021,ZCTA5 27021,17312,731
8600000US27022,27022,ZCTA5 27022,1524,302
8600000US27023,27023,ZCTA5 27023,12630,535
8600000US27024,27024,ZCTA5 27024,2773,510
8600000US27025,27025,ZCTA5 27025,11226,862
8600000US27027,27027,ZCTA5 27027,4433,423
8600000US27028,27028,ZCTA5 27028,26050,967
8600000US27030,27030,ZCTA5 27030,37517,937
8600000US27040,27040,ZCTA5 27040,11049,535
8600000US27041,27041,ZCTA5 27041,8329,585
8600000US27042,27042,ZCTA5 27042,618,248
8600000US27043,27043,ZCTA5 27043,6754,585
8600000US27045,27045,ZCTA5 27045,8558,554
8600000US27046,27046,ZCTA5 27046,2249,419
8600000US27047,27047,ZCTA5 27047,875,223
8600000US27048,27048,ZCTA5 27048,9003,557
8600000US27050,27050,ZCTA5 27050,4225,572
8600000US27051,27051,ZCTA5 27051,8380,550
8600000US27052,27052,ZCTA5 27052,10441,746
8600000US27053,27053,ZCTA5 27053,2879,399
8600000US27054,27054,ZCTA5 27054,2066,475
8600000US27055,27055,ZCTA5 27055,14081,807
8600000US27101,27101,ZCTA5 27101,18641,880
8600000US27103,27103,ZCTA5 27103,37201,1653
8600000US27104,27104,ZCTA5 27104,28507,1012
8600000US27105,27105,ZCTA5 27105,41083,1572
8600000US27106,27106,ZCTA5 27106,46876,1426
8600000US27107,27107,ZCTA5 27107,46499,1435
8600000US27109,27109,ZCTA5 27109,2435,254
8600000US27110,27110,ZCTA5 27110,2020,235
8600000US27127,27127,ZCTA5 27127,37298,1483
8600000US27201,27201,ZCTA5 27201,61,44
8600000US27203,27203,ZCTA5 27203,21602,1081
8600000US27205,27205,ZCTA5 27205,34654,1328
8600000US27207,27207,ZCTA5 27207,3519,575
8600000US27208,27208,ZCTA5 27208,1827,396
8600000US27209,27209,ZCTA5 27209,3905,636
8600000US27212,27212,ZCTA5 27212,1957,344
8600000US27214,27214,ZCTA5 27214,11583,1173
8600000US27215,27215,ZCTA5 27215,40467,1449
8600000US27217,27217,ZCTA5 27217,36307,1286
8600000US27229,27229,ZCTA5 27229,3948,678
8600000US27231,27231,ZCTA5 27231,1679,265
8600000US27233,27233,ZCTA5 27233,2984,485
8600000US27235,27235,ZCTA5 27235,4024,437
8600000US27239,27239,ZCTA5 27239,8391,874
8600000US27242,27242,ZCTA5 27242,1732,632
8600000US27243,27243,ZCTA5 27243,4484,561
8600000US27244,27244,ZCTA5 27244,14168,734
8600000US27248,27248,ZCTA5 27248,4483,632
8600000US27249,27249,ZCTA5 27249,13047,798
8600000US27252,27252,ZCTA5 27252,2712,439
8600000US27253,27253,ZCTA5 27253,29416,821
8600000US27258,27258,ZCTA5 27258,6692,783
8600000US27260,27260,ZCTA5 27260,24194,928
8600000US27262,27262,ZCTA5 27262,23766,1326
8600000US27263,27263,ZCTA5 27263,22394,767
8600000US27265,27265,ZCTA5 27265,49024,1360
8600000US27278,27278,ZCTA5 27278,25112,1034
8600000US27281,27281,ZCTA5 27281,3171,512
8600000US27282,27282,ZCTA5 27282,17168,943
8600000US27283,27283,ZCTA5 27283,2782,285
8600000US27284,27284,ZCTA5 27284,50981,909
8600000US27288,27288,ZCTA5 27288,23329,765
8600000US27291,27291,ZCTA5 27291,1389,340
8600000US27292,27292,ZCTA5 27292,39486,1381
8600000US27295,27295,ZCTA5 27295,38622,1421
8600000US27298,27298,ZCTA5 27298,9467,747
8600000US27299,27299,ZCTA5 27299,5320,851
8600000US27301,27301,ZCTA5 27301,8625,1048
8600000US27302,27302,ZCTA5 27302,28686,996
8600000US27305,27305,ZCTA5 27305,1982,354
8600000US27306,27306,ZCTA5 27306,6034,612
8600000US27310,27310,ZCTA5 27310,7099,458
8600000US27311,27311,ZCTA5 27311,3638,554
8600000US27312,27312,ZCTA5 27312,19179,892
8600000US27313,27313,ZCTA5 27313,7291,567
8600000US27314,27314,ZCTA5 27314,1396,366
8600000US27315,27315,ZCTA5 27315,2108,357
8600000US27316,27316,ZCTA5 27316,7094,826
8600000US27317,27317,ZCTA5 27317,16134,924
8600000US27320,27320,ZCTA5 27320,38727,946
8600000US27325,27325,ZCTA5 27325,6117,749
8600000US27326,27326,ZCTA5 27326,3012,425
8600000US27330,27330,ZCTA5 27330,39401,1063
8600000US27332,27332,ZCTA5 27332,30344,1483
8600000US27340,27340,ZCTA5 27340,68,51
8600000US27341,27341,ZCTA5 27341,6287,778
8600000US27343,27343,ZCTA5 27343,1635,504
8600000US27344,27344,ZCTA5 27344,18546,884
8600000US27349,27349,ZCTA5 27349,6227,708
8600000US27350,27350,ZCTA5 27350,6334,813
8600000US27355,27355,ZCTA5 27355,2678,536
8600000US27356,27356,ZCTA5 27356,3384,489
8600000US27357,27357,ZCTA5 27357,7410,572
8600000US27358,27358,ZCTA5 27358,15075,910
8600000US27360,27360,ZCTA5 27360,46623,990
8600000US27370,27370,ZCTA5 27370,14185,979
8600000US27371,27371,ZCTA5 27371,8902,707
8600000US27376,27376,ZCTA5 27376,9108,903
8600000US27377,27377,ZCTA5 27377,7752,936
8600000US27379,27379,ZCTA5 27379,5566,548
8600000US27401,27401,ZCTA5 27401,21227,1120
8600000US27403,27403,ZCTA5 27403,21711,988
8600000US27405,27405,ZCTA5 27405,46326,1835
8600000US27406,27406,ZCTA5 27406,58381,1749
8600000US27407,27407,ZCTA5 27407,50279,1678
8600000US27408,27408,ZCTA5 27408,18059,763
8600000US27409,27409,ZCTA5 27409,16902,1290
8600000US27410,27410,ZCTA5 27410,54195,1384
8600000US27455,27455,ZCTA5 27455,29398,1235
8600000US27501,27501,ZCTA5 27501,19201,1274
8600000US27502,27502,ZCTA5 27502,34428,843
8600000US27503,27503,ZCTA5 27503,6244,426
8600000US27504,27504,ZCTA5 27504,15074,1403
8600000US27505,27505,ZCTA5 27505,5980,609
8600000US27507,27507,ZCTA5 27507,1348,327
8600000US27508,27508,ZCTA5 27508,1658,283
8600000US27509,27509,ZCTA5 27509,6095,535
8600000US27510,27510,ZCTA5 27510,15168,489
8600000US27511,27511,ZCTA5 27511,34393,947
8600000US27513,27513,ZCTA5 27513,42637,1098
8600000US27514,27514,ZCTA5 27514,32446,965
8600000US27516,27516,ZCTA5 27516,39231,1266
8600000US27517,27517,ZCTA5 27517,23613,832
8600000US27518,27518,ZCTA5 27518,20923,753
8600000US27519,27519,ZCTA5 27519,47083,1203
8600000US27520,27520,ZCTA5 27520,39363,1828
8600000US27521,27521,ZCTA5 27521,6620,737
8600000US27522,27522,ZCTA5 27522,11520,817
8600000US27523,27523,ZCTA5 27523,11578,1073
8600000US27524,27524,ZCTA5 27524,12489,928
8600000US27525,27525,ZCTA5 27525,14184,1002
8600000US27526,27526,ZCTA5 27526,44119,1431
8600000US27527,27527,ZCTA5 27527,19510,1654
8600000US27529,27529,ZCTA5 27529,45519,1779
8600000US27530,27530,ZCTA5 27530,39504,1452
8600000US27531,27531,ZCTA5 27531,466,146
8600000US27534,27534,ZCTA5 27534,32948,1376
8600000US27536,27536,ZCTA5 27536,16160,635
8600000US27537,27537,ZCTA5 27537,25678,982
8600000US27539,27539,ZCTA5 27539,22099,1287
8600000US27540,27540,ZCTA5 27540,33221,827
8600000US27541,27541,ZCTA5 27541,3931,452
8600000US27542,27542,ZCTA5 27542,8497,865
8600000US27544,27544,ZCTA5 27544,4684,640
8600000US27545,27545,ZCTA5 27545,25596,1075
8600000US27546,27546,ZCTA5 27546,20144,1049
8600000US27549,27549,ZCTA5 27549,24741,1322
8600000US27551,27551,ZCTA5 27551,2067,355
8600000US27553,27553,ZCTA5 27553,1950,345
8600000US27555,27555,ZCTA5 27555,603,193
8600000US27556,27556,ZCTA5 27556,239,142
8600000US27557,27557,ZCTA5 27557,6284,941
8600000US27559,27559,ZCTA5 27559,2341,483
8600000US27560,27560,ZCTA5 27560,26187,793
8600000US27562,27562,ZCTA5 27562,1565,322
8600000US27563,27563,ZCTA5 27563,5270,502
8600000US27565,27565,ZCTA5 27565,25210,957
8600000US27568,27568,ZCTA5 27568,633,184
8600000US27569,27569,ZCTA5 27569,7701,739
8600000US27571,27571,ZCTA5 27571,5186,155
8600000US27572,27572,ZCTA5 27572,7357,780
8600000US27573,27573,ZCTA5 27573,11155,544
8600000US27574,27574,ZCTA5 27574,14742,964
8600000US27576,27576,ZCTA5 27576,17111,1137
8600000US27577,27577,ZCTA5 27577,24671,1271
8600000US27581,27581,ZCTA5 27581,4899,605
8600000US27582,27582,ZCTA5 27582,162,59
8600000US27583,27583,ZCTA5 27583,6296,701
8600000US27587,27587,ZCTA5 27587,59691,1496
8600000US27589,27589,ZCTA5 27589,8189,654
8600000US27591,27591,ZCTA5 27591,20229,1395
8600000US27592,27592,ZCTA5 27592,15882,1420
8600000US27596,27596,ZCTA5 27596,17056,1278
8600000US27597,27597,ZCTA5 27597,23496,1474
8600000US27601,27601,ZCTA5 27601,9975,1001
8600000US27603,27603,ZCTA5 27603,50319,2034
8600000US27604,27604,ZCTA5 27604,43667,1711
8600000US27605,27605,ZCTA5 27605,4544,453
8600000US27606,27606,ZCTA5 27606,44805,1430
8600000US27607,27607,ZCTA5 27607,28571,1117
8600000US27608,27608,ZCTA5 27608,11062,529
8600000US27609,27609,ZCTA5 27609,32884,1696
8600000US27610,27610,ZCTA5 27610,73830,2189
8600000US27612,27612,ZCTA5 27612,36245,1448
8600000US27613,27613,ZCTA5 27613,43845,1062
8600000US27614,27614,ZCTA5 27614,32948,1314
8600000US27615,27615,ZCTA5 27615,42421,1025
8600000US27616,27616,ZCTA5 27616,48004,1594
8600000US27617,27617,ZCTA5 27617,16503,930
8600000US27701,27701,ZCTA5 27701,21760,926
8600000US27703,27703,ZCTA5 27703,47697,1894
8600000US27704,27704,ZCTA5 27704,36509,1358
8600000US27705,27705,ZCTA5 27705,47942,1558
8600000US27707,27707,ZCTA5 27707,48731,1456
8600000US27709,27709,ZCTA5 27709,909,321
8600000US27712,27712,ZCTA5 27712,20710,898
8600000US27713,27713,ZCTA5 27713,50295,1451
8600000US27801,27801,ZCTA5 27801,21095,588
8600000US27803,27803,ZCTA5 27803,19556,905
8600000US27804,27804,ZCTA5 27804,29381,1013
8600000US27805,27805,ZCTA5 27805,3816,603
8600000US27806,27806,ZCTA5 27806,2428,380
8600000US27807,27807,ZCTA5 27807,6701,545
8600000US27808,27808,ZCTA5 27808,2079,337
8600000US27809,27809,ZCTA5 27809,4801,624
8600000US27810,27810,ZCTA5 27810,4338,632
8600000US27812,27812,ZCTA5 27812,2942,479
8600000US27813,27813,ZCTA5 27813,664,184
8600000US27814,27814,ZCTA5 27814,1728,306
8600000US27816,27816,ZCTA5 27816,2471,519
8600000US27817,27817,ZCTA5 27817,6851,599
8600000US27818,27818,ZCTA5 27818,1485,286
8600000US27819,27819,ZCTA5 27819,352,112
8600000US27820,27820,ZCTA5 27820,2797,434
8600000US27821,27821,ZCTA5 27821,229,122
8600000US27822,27822,ZCTA5 27822,7984,588
8600000US27823,27823,ZCTA5 27823,7778,547
8600000US27824,27824,ZCTA5 27824,2147,494
8600000US27825,27825,ZCTA5 27825,62,33
8600000US27826,27826,ZCTA5 27826,1308,375
8600000US27827,27827,ZCTA5 27827,41,24
8600000US27828,27828,ZCTA5 27828,8123,596
8600000US27829,27829,ZCTA5 27829,1876,291
8600000US27830,27830,ZCTA5 27830,4808,592
8600000US27831,27831,ZCTA5 27831,3533,506
8600000US27832,27832,ZCTA5 27832,2849,439
8600000US27834,27834,ZCTA5 27834,54990,1836
8600000US27837,27837,ZCTA5 27837,6602,997
8600000US27839,27839,ZCTA5 27839,3793,405
8600000US27840,27840,ZCTA5 27840,485,125
8600000US27841,27841,ZCTA5 27841,38,26
8600000US27842,27842,ZCTA5 27842,1421,176
8600000US27843,27843,ZCTA5 27843,1486,314
8600000US27844,27844,ZCTA5 27844,3110,236
8600000US27845,27845,ZCTA5 27845,2811,452
8600000US27846,27846,ZCTA5 27846,3460,504
8600000US27847,27847,ZCTA5 27847,857,279
8600000US27849,27849,ZCTA5 27849,1492,437
8600000US27850,27850,ZCTA5 27850,6911,525
8600000US27851,27851,ZCTA5 27851,5330,475
8600000US27852,27852,ZCTA5 27852,3191,406
8600000US27853,27853,ZCTA5 27853,452,248
8600000US27855,27855,ZCTA5 27855,5880,450
8600000US27856,27856,ZCTA5 27856,16781,1047
8600000US27857,27857,ZCTA5 27857,1328,262
8600000US27858,27858,ZCTA5 27858,58779,1695
8600000US27860,27860,ZCTA5 27860,2441,623
8600000US27861,27861,ZCTA5 27861,87,46
8600000US27862,27862,ZCTA5 27862,635,171
8600000US27863,27863,ZCTA5 27863,11877,1004
8600000US27864,27864,ZCTA5 27864,4692,455
8600000US27865,27865,ZCTA5 27865,2166,496
8600000US27866,27866,ZCTA5 27866,620,287
8600000US27869,27869,ZCTA5 27869,2267,421
8600000US27870,27870,ZCTA5 27870,26918,587
8600000US27871,27871,ZCTA5 27871,3878,436
8600000US27872,27872,ZCTA5 27872,349,103
8600000US27873,27873,ZCTA5 27873,493,135
8600000US27874,27874,ZCTA5 27874,4417,566
8600000US27875,27875,ZCTA5 27875,272,144
8600000US27876,27876,ZCTA5 27876,1562,279
8600000US27878,27878,ZCTA5 27878,2037,441
8600000US27879,27879,ZCTA5 27879,256,95
8600000US27880,27880,ZCTA5 27880,3518,499
8600000US27881,27881,ZCTA5 27881,159,135
8600000US27882,27882,ZCTA5 27882,7227,776
8600000US27883,27883,ZCTA5 27883,3507,559
8600000US27884,27884,ZCTA5 27884,916,350
8600000US27885,27885,ZCTA5 27885,1251,394
8600000US27886,27886,ZCTA5 27886,21370,565
8600000US27888,27888,ZCTA5 27888,2574,367
8600000US27889,27889,ZCTA5 27889,26959,1007
8600000US27890,27890,ZCTA5 27890,2505,270
8600000US27891,27891,ZCTA5 27891,5233,617
8600000US27892,27892,ZCTA5 27892,14281,617
8600000US27893,27893,ZCTA5 27893,39858,940
8600000US27896,27896,ZCTA5 27896,20895,878
8600000US27897,27897,ZCTA5 27897,1797,370
8600000US27909,27909,ZCTA5 27909,40050,29
8600000US27910,27910,ZCTA5 27910,11586,548
8600000US27915,27915,ZCTA5 27915,926,330
8600000US27916,27916,ZCTA5 27916,531,183
8600000US27917,27917,ZCTA5 27917,902,278
8600000US27919,27919,ZCTA5 27919,929,326
8600000US27920,27920,ZCTA5 27920,1258,366
8600000US27921,27921,ZCTA5 27921,4757,467
8600000US27922,27922,ZCTA5 27922,992,215
8600000US27923,27923,ZCTA5 27923,456,172
8600000US27924,27924,ZCTA5 27924,2397,433
8600000US27925,27925,ZCTA5 27925,4036,83
8600000US27926,27926,ZCTA5 27926,1457,259
8600000US27927,27927,ZCTA5 27927,813,184
8600000US27928,27928,ZCTA5 27928,2136,423
8600000US27929,27929,ZCTA5 27929,1026,200
8600000US27932,27932,ZCTA5 27932,12473,469
8600000US27935,27935,ZCTA5 27935,1600,259
8600000US27936,27936,ZCTA5 27936,1163,435
8600000US27937,27937,ZCTA5 27937,4256,378
8600000US27938,27938,ZCTA5 27938,1407,265
8600000US27939,27939,ZCTA5 27939,2592,552
8600000US27941,27941,ZCTA5 27941,646,257
8600000US27942,27942,ZCTA5 27942,1015,274
8600000US27943,27943,ZCTA5 27943,466,243
8600000US27944,27944,ZCTA5 27944,12100,385
8600000US27946,27946,ZCTA5 27946,1415,382
8600000US27947,27947,ZCTA5 27947,1595,418
8600000US27948,27948,ZCTA5 27948,11173,581
8600000US27949,27949,ZCTA5 27949,7154,156
8600000US27950,27950,ZCTA5 27950,2071,291
8600000US27953,27953,ZCTA5 27953,1365,344
8600000US27954,27954,ZCTA5 27954,6334,471
8600000US27956,27956,ZCTA5 27956,311,149
8600000US27957,27957,ZCTA5 27957,1825,369
8600000US27958,27958,ZCTA5 27958,10304,527
8600000US27959,27959,ZCTA5 27959,2827,26
8600000US27960,27960,ZCTA5 27960,486,262
8600000US27962,27962,ZCTA5 27962,7343,404
8600000US27964,27964,ZCTA5 27964,742,272
8600000US27965,27965,ZCTA5 27965,701,255
8600000US27966,27966,ZCTA5 27966,967,305
8600000US27967,27967,ZCTA5 27967,309,130
8600000US27968,27968,ZCTA5 27968,270,268
8600000US27970,27970,ZCTA5 27970,3179,406
8600000US27972,27972,ZCTA5 27972,240,195
8600000US27973,27973,ZCTA5 27973,1246,328
8600000US27974,27974,ZCTA5 27974,1370,337
8600000US27976,27976,ZCTA5 27976,3591,392
8600000US27978,27978,ZCTA5 27978,147,74
8600000US27979,27979,ZCTA5 27979,1787,254
8600000US27980,27980,ZCTA5 27980,2115,462
8600000US27981,27981,ZCTA5 27981,1475,279
8600000US27982,27982,ZCTA5 27982,65,92
8600000US27983,27983,ZCTA5 27983,10188,684
8600000US27985,27985,ZCTA5 27985,339,144
8600000US27986,27986,ZCTA5 27986,3098,546
8600000US28001,28001,ZCTA5 28001,26717,714
8600000US28006,28006,ZCTA5 28006,1278,331
8600000US28007,28007,ZCTA5 28007,687,201
8600000US28009,28009,ZCTA5 28009,1092,206
8600000US28012,28012,ZCTA5 28012,20865,724
8600000US28016,28016,ZCTA5 28016,12936,711
8600000US28017,28017,ZCTA5 28017,689,164
8600000US28018,28018,ZCTA5 28018,5408,750
8600000US28019,28019,ZCTA5 28019,0,12
8600000US28020,28020,ZCTA5 28020,1856,323
8600000US28021,28021,ZCTA5 28021,13574,733
8600000US28023,28023,ZCTA5 28023,14689,1048
8600000US28025,28025,ZCTA5 28025,51996,1471
8600000US28027,28027,ZCTA5 28027,58474,1631
8600000US28031,28031,ZCTA5 28031,25834,365
8600000US28032,28032,ZCTA5 28032,3298,343
8600000US28033,28033,ZCTA5 28033,3358,604
8600000US28034,28034,ZCTA5 28034,17441,792
8600000US28036,28036,ZCTA5 28036,16009,597
8600000US28037,28037,ZCTA5 28037,18822,831
8600000US28039,28039,ZCTA5 28039,103,88
8600000US28040,28040,ZCTA5 28040,8023,899
8600000US28043,28043,ZCTA5 28043,21472,1221
8600000US28052,28052,ZCTA5 28052,34764,1154
8600000US28054,28054,ZCTA5 28054,36934,1031
8600000US28056,28056,ZCTA5 28056,32973,1154
8600000US28071,28071,ZCTA5 28071,2995,567
8600000US28072,28072,ZCTA5 28072,1157,225
8600000US28073,28073,ZCTA5 28073,5602,709
8600000US28075,28075,ZCTA5 28075,16936,880
8600000US28076,28076,ZCTA5 28076,812,471
8600000US28077,28077,ZCTA5 28077,427,132
8600000US28078,28078,ZCTA5 28078,56105,904
8600000US28079,28079,ZCTA5 28079,33008,981
8600000US28080,28080,ZCTA5 28080,8078,785
8600000US28081,28081,ZCTA5 28081,26798,1193
8600000US28083,28083,ZCTA5 28083,24270,1000
8600000US28086,28086,ZCTA5 28086,25261,1063
8600000US28088,28088,ZCTA5 28088,2975,365
8600000US28089,28089,ZCTA5 28089,237,79
8600000US28090,28090,ZCTA5 28090,7803,610
8600000US28091,28091,ZCTA5 28091,1935,284
8600000US28092,28092,ZCTA5 28092,38552,1213
8600000US28097,28097,ZCTA5 28097,5458,393
8600000US28098,28098,ZCTA5 28098,3668,98
8600000US28101,28101,ZCTA5 28101,751,153
8600000US28102,28102,ZCTA5 28102,87,54
8600000US28103,28103,ZCTA5 28103,10727,812
8600000US28104,28104,ZCTA5 28104,30750,913
8600000US28105,28105,ZCTA5 28105,42704,970
8600000US28107,28107,ZCTA5 28107,7047,691
8600000US28108,28108,ZCTA5 28108,101,58
8600000US28109,28109,ZCTA5 28109,361,107
8600000US28110,28110,ZCTA5 28110,51834,1230
8600000US28112,28112,ZCTA5 28112,27023,1081
8600000US28114,28114,ZCTA5 28114,7751,854
8600000US28115,28115,ZCTA5 28115,34912,965
8600000US28117,28117,ZCTA5 28117,36351,1173
8600000US28119,28119,ZCTA5 28119,3530,587
8600000US28120,28120,ZCTA5 28120,20066,991
8600000US28124,28124,ZCTA5 28124,6115,461
8600000US28125,28125,ZCTA5 28125,2045,392
8600000US28127,28127,ZCTA5 28127,7306,524
8600000US28128,28128,ZCTA5 28128,7000,555
8600000US28129,28129,ZCTA5 28129,5454,469
8600000US28133,28133,ZCTA5 28133,2361,379
8600000US28134,28134,ZCTA5 28134,10422,516
8600000US28135,28135,ZCTA5 28135,6377,436
8600000US28137,28137,ZCTA5 28137,3498,380
8600000US28138,28138,ZCTA5 28138,9494,904
8600000US28139,28139,ZCTA5 28139,19506,1030
8600000US28144,28144,ZCTA5 28144,25039,936
8600000US28146,28146,ZCTA5 28146,26666,1138
8600000US28147,28147,ZCTA5 28147,25876,1202
8600000US28150,28150,ZCTA5 28150,28416,1209
8600000US28152,28152,ZCTA5 28152,24361,1097
8600000US28159,28159,ZCTA5 28159,3078,124
8600000US28160,28160,ZCTA5 28160,3881,238
8600000US28163,28163,ZCTA5 28163,5757,508
8600000US28164,28164,ZCTA5 28164,14200,848
8600000US28166,28166,ZCTA5 28166,9310,759
8600000US28167,28167,ZCTA5 28167,2239,554
8600000US28168,28168,ZCTA5 28168,10171,767
8600000US28169,28169,ZCTA5 28169,143,105
8600000US28170,28170,ZCTA5 28170,11237,602
8600000US28173,28173,ZCTA5 28173,49606,1031
8600000US28174,28174,ZCTA5 28174,9329,582
8600000US28202,28202,ZCTA5 28202,11602,651
8600000US28203,28203,ZCTA5 28203,13657,713
8600000US28204,28204,ZCTA5 28204,5841,465
8600000US28205,28205,ZCTA5 28205,46904,1589
8600000US28206,28206,ZCTA5 28206,12305,874
8600000US28207,28207,ZCTA5 28207,9666,546
8600000US28208,28208,ZCTA5 28208,35340,1443
8600000US28209,28209,ZCTA5 28209,22221,1132
8600000US28210,28210,ZCTA5 28210,45485,1250
8600000US28211,28211,ZCTA5 28211,29566,1040
8600000US28212,28212,ZCTA5 28212,42007,1627
8600000US28213,28213,ZCTA5 28213,37556,1239
8600000US28214,28214,ZCTA5 28214,36328,1660
8600000US28215,28215,ZCTA5 28215,56339,1797
8600000US28216,28216,ZCTA5 28216,50505,1909
8600000US28217,28217,ZCTA5 28217,28415,1366
8600000US28226,28226,ZCTA5 28226,38606,968
8600000US28227,28227,ZCTA5 28227,54415,1386
8600000US28244,28244,ZCTA5 28244,0,12
8600000US28262,28262,ZCTA5 28262,42101,1357
8600000US28269,28269,ZCTA5 28269,76360,1925
8600000US28270,28270,ZCTA5 28270,32716,980
8600000US28273,28273,ZCTA5 28273,34450,1285
8600000US28277,28277,ZCTA5 28277,67095,1499
8600000US28278,28278,ZCTA5 28278,22888,984
8600000US28280,28280,ZCTA5 28280,0,12
8600000US28282,28282,ZCTA5 28282,0,12
8600000US28301,28301,ZCTA5 28301,17991,813
8600000US28303,28303,ZCTA5 28303,29197,1109
8600000US28304,28304,ZCTA5 28304,37207,1162
8600000US28305,28305,ZCTA5 28305,6123,366
8600000US28306,28306,ZCTA5 28306,43200,1292
8600000US28307,28307,ZCTA5 28307,18110,892
8600000US28308,28308,ZCTA5 28308,366,152
8600000US28310,28310,ZCTA5 28310,3731,789
8600000US28311,28311,ZCTA5 28311,34364,1205
8600000US28312,28312,ZCTA5 28312,18645,834
8600000US28314,28314,ZCTA5 28314,54109,1278
8600000US28315,28315,ZCTA5 28315,13478,813
8600000US28318,28318,ZCTA5 28318,4953,841
8600000US28320,28320,ZCTA5 28320,9490,800
8600000US28323,28323,ZCTA5 28323,3769,470
8600000US28325,28325,ZCTA5 28325,503,164
8600000US28326,28326,ZCTA5 28326,20358,1472
8600000US28327,28327,ZCTA5 28327,15394,819
8600000US28328,28328,ZCTA5 28328,28801,1212
8600000US28330,28330,ZCTA5 28330,534,357
8600000US28332,28332,ZCTA5 28332,597,318
8600000US28333,28333,ZCTA5 28333,10418,995
8600000US28334,28334,ZCTA5 28334,25533,1138
8600000US28337,28337,ZCTA5 28337,10713,838
8600000US28338,28338,ZCTA5 28338,4590,537
8600000US28339,28339,ZCTA5 28339,7049,381
8600000US28340,28340,ZCTA5 28340,10355,698
8600000US28341,28341,ZCTA5 28341,3881,479
8600000US28342,28342,ZCTA5 28342,252,97
8600000US28343,28343,ZCTA5 28343,1556,392
8600000US28344,28344,ZCTA5 28344,3695,609
8600000US28345,28345,ZCTA5 28345,12484,536
8600000US28347,28347,ZCTA5 28347,2094,422
8600000US28348,28348,ZCTA5 28348,33606,1131
8600000US28349,28349,ZCTA5 28349,4085,730
8600000US28350,28350,ZCTA5 28350,186,193
8600000US28351,28351,ZCTA5 28351,4078,524
8600000US28352,28352,ZCTA5 28352,26029,651
8600000US28356,28356,ZCTA5 28356,4945,597
8600000US28357,28357,ZCTA5 28357,3401,499
8600000US28358,28358,ZCTA5 28358,39398,964
8600000US28360,28360,ZCTA5 28360,14986,814
8600000US28363,28363,ZCTA5 28363,1446,544
8600000US28364,28364,ZCTA5 28364,15391,785
8600000US28365,28365,ZCTA5 28365,18148,1482
8600000US28366,28366,ZCTA5 28366,5584,878
8600000US28367,28367,ZCTA5 28367,97,71
8600000US28369,28369,ZCTA5 28369,2712,391
8600000US28371,28371,ZCTA5 28371,6769,737
8600000US28372,28372,ZCTA5 28372,13524,761
8600000US28373,28373,ZCTA5 28373,2591,452
8600000US28374,28374,ZCTA5 28374,16970,443
8600000US28375,28375,ZCTA5 28375,167,55
8600000US28376,28376,ZCTA5 28376,41682,726
8600000US28377,28377,ZCTA5 28377,12919,845
8600000US28379,28379,ZCTA5 28379,25141,843
8600000US28382,28382,ZCTA5 28382,6443,804
8600000US28383,28383,ZCTA5 28383,8612,583
8600000US28384,28384,ZCTA5 28384,12074,794
8600000US28385,28385,ZCTA5 28385,2595,679
8600000US28386,28386,ZCTA5 28386,6031,478
8600000US28387,28387,ZCTA5 28387,14293,702
8600000US28390,28390,ZCTA5 28390,23265,848
8600000US28391,28391,ZCTA5 28391,5430,515
8600000US28392,28392,ZCTA5 28392,1331,312
8600000US28393,28393,ZCTA5 28393,1468,378
8600000US28394,28394,ZCTA5 28394,5428,843
8600000US28395,28395,ZCTA5 28395,2524,506
8600000US28396,28396,ZCTA5 28396,2986,396
8600000US28398,28398,ZCTA5 28398,7379,728
8600000US28399,28399,ZCTA5 28399,1878,392
8600000US28401,28401,ZCTA5 28401,22175,1042
8600000US28403,28403,ZCTA5 28403,40045,1326
8600000US28405,28405,ZCTA5 28405,30675,1134
8600000US28409,28409,ZCTA5 28409,31845,1018
8600000US28411,28411,ZCTA5 28411,33492,1415
8600000US28412,28412,ZCTA5 28412,37550,1472
8600000US28420,28420,ZCTA5 28420,3464,646
8600000US28421,28421,ZCTA5 28421,1423,383
8600000US28422,28422,ZCTA5 28422,7725,791
8600000US28423,28423,ZCTA5 28423,2560,302
8600000US28424,28424,ZCTA5 28424,53,36
8600000US28425,28425,ZCTA5 28425,11842,761
8600000US28428,28428,ZCTA5 28428,6354,126
8600000US28429,28429,ZCTA5 28429,8697,952
8600000US28430,28430,ZCTA5 28430,1479,323
8600000US28431,28431,ZCTA5 28431,6704,752
8600000US28432,28432,ZCTA5 28432,2370,515
8600000US28433,28433,ZCTA5 28433,4935,716
8600000US28434,28434,ZCTA5 28434,1177,267
8600000US28435,28435,ZCTA5 28435,2363,398
8600000US28436,28436,ZCTA5 28436,1972,344
8600000US28438,28438,ZCTA5 28438,1667,318
8600000US28439,28439,ZCTA5 28439,1688,300
8600000US28441,28441,ZCTA5 28441,3901,607
8600000US28442,28442,ZCTA5 28442,1608,329
8600000US28443,28443,ZCTA5 28443,18539,975
8600000US28444,28444,ZCTA5 28444,1685,427
8600000US28445,28445,ZCTA5 28445,7148,799
8600000US28447,28447,ZCTA5 28447,1932,514
8600000US28448,28448,ZCTA5 28448,1045,356
8600000US28449,28449,ZCTA5 28449,1902,312
8600000US28450,28450,ZCTA5 28450,2548,331
8600000US28451,28451,ZCTA5 28451,30879,1070
8600000US28452,28452,ZCTA5 28452,977,353
8600000US28453,28453,ZCTA5 28453,4244,718
8600000US28454,28454,ZCTA5 28454,2087,557
8600000US28455,28455,ZCTA5 28455,1684,426
8600000US28456,28456,ZCTA5 28456,3626,546
8600000US28457,28457,ZCTA5 28457,10248,973
8600000US28458,28458,ZCTA5 28458,6672,791
8600000US28460,28460,ZCTA5 28460,9966,909
8600000US28461,28461,ZCTA5 28461,17230,578
8600000US28462,28462,ZCTA5 28462,11541,662
8600000US28463,28463,ZCTA5 28463,9351,649
8600000US28464,28464,ZCTA5 28464,2121,548
8600000US28465,28465,ZCTA5 28465,6781,296
8600000US28466,28466,ZCTA5 28466,10880,906
8600000US28467,28467,ZCTA5 28467,9519,741
8600000US28468,28468,ZCTA5 28468,4434,332
8600000US28469,28469,ZCTA5 28469,6129,677
8600000US28470,28470,ZCTA5 28470,11026,841
8600000US28472,28472,ZCTA5 28472,20026,1048
8600000US28478,28478,ZCTA5 28478,4360,547
8600000US28479,28479,ZCTA5 28479,5927,698
8600000US28480,28480,ZCTA5 28480,2540,16
8600000US28501,28501,ZCTA5 28501,19849,910
8600000US28504,28504,ZCTA5 28504,21538,1078
8600000US28508,28508,ZCTA5 28508,2750,820
8600000US28510,28510,ZCTA5 28510,1285,202
8600000US28511,28511,ZCTA5 28511,672,128
8600000US28512,28512,ZCTA5 28512,3190,273
8600000US28513,28513,ZCTA5 28513,10263,707
8600000US28515,28515,ZCTA5 28515,2537,307
8600000US28516,28516,ZCTA5 28516,11204,503
8600000US28518,28518,ZCTA5 28518,8562,846
8600000US28519,28519,ZCTA5 28519,295,123
8600000US28520,28520,ZCTA5 28520,413,163
8600000US28521,28521,ZCTA5 28521,2270,426
8600000US28523,28523,ZCTA5 28523,2704,441
8600000US28524,28524,ZCTA5 28524,352,186
8600000US28525,28525,ZCTA5 28525,3127,642
8600000US28526,28526,ZCTA5 28526,2597,618
8600000US28527,28527,ZCTA5 28527,1288,408
8600000US28528,28528,ZCTA5 28528,765,222
8600000US28529,28529,ZCTA5 28529,2354,369
8600000US28530,28530,ZCTA5 28530,6588,659
8600000US28531,28531,ZCTA5 28531,1637,279
8600000US28532,28532,ZCTA5 28532,23840,682
8600000US28533,28533,ZCTA5 28533,2110,394
8600000US28537,28537,ZCTA5 28537,86,66
8600000US28538,28538,ZCTA5 28538,2456,591
8600000US28539,28539,ZCTA5 28539,15344,1099
8600000US28540,28540,ZCTA5 28540,49097,1903
8600000US28543,28543,ZCTA5 28543,5197,414
8600000US28544,28544,ZCTA5 28544,5211,570
8600000US28546,28546,ZCTA5 28546,46041,1926
8600000US28547,28547,ZCTA5 28547,19194,926
8600000US28551,28551,ZCTA5 28551,15185,1158
8600000US28552,28552,ZCTA5 28552,138,106
8600000US28553,28553,ZCTA5 28553,312,162
8600000US28554,28554,ZCTA5 28554,274,166
8600000US28555,28555,ZCTA5 28555,4790,572
8600000US28556,28556,ZCTA5 28556,1295,328
8600000US28557,28557,ZCTA5 28557,14464,483
8600000US28560,28560,ZCTA5 28560,27892,1183
8600000US28562,28562,ZCTA5 28562,38370,1189
8600000US28570,28570,ZCTA5 28570,22340,712
8600000US28571,28571,ZCTA5 28571,2781,324
8600000US28572,28572,ZCTA5 28572,7300,1309
8600000US28573,28573,ZCTA5 28573,2475,298
8600000US28574,28574,ZCTA5 28574,16354,1317
8600000US28575,28575,ZCTA5 28575,515,139
8600000US28577,28577,ZCTA5 28577,427,135
8600000US28578,28578,ZCTA5 28578,5686,1083
8600000US28579,28579,ZCTA5 28579,548,204
8600000US28580,28580,ZCTA5 28580,12583,651
8600000US28581,28581,ZCTA5 28581,214,192
8600000US28582,28582,ZCTA5 28582,2440,543
8600000US28583,28583,ZCTA5 28583,215,89
8600000US28584,28584,ZCTA5 28584,11442,650
8600000US28585,28585,ZCTA5 28585,3835,298
8600000US28586,28586,ZCTA5 28586,7942,874
8600000US28587,28587,ZCTA5 28587,353,126
8600000US28589,28589,ZCTA5 28589,281,131
8600000US28590,28590,ZCTA5 28590,24658,1399
8600000US28594,28594,ZCTA5 28594,3708,26
8600000US28601,28601,ZCTA5 28601,48910,1275
8600000US28602,28602,ZCTA5 28602,29442,1160
8600000US28604,28604,ZCTA5 28604,6599,475
8600000US28605,28605,ZCTA5 28605,3595,492
8600000US28606,28606,ZCTA5 28606,1949,463
8600000US28607,28607,ZCTA5 28607,34551,781
8600000US28609,28609,ZCTA5 28609,6230,685
8600000US28610,28610,ZCTA5 28610,9867,957
8600000US28611,28611,ZCTA5 28611,1436,477
8600000US28612,28612,ZCTA5 28612,12485,748
8600000US28613,28613,ZCTA5 28613,23746,1176
8600000US28615,28615,ZCTA5 28615,1827,274
8600000US28616,28616,ZCTA5 28616,463,215
8600000US28617,28617,ZCTA5 28617,2986,505
8600000US28618,28618,ZCTA5 28618,2080,342
8600000US28619,28619,ZCTA5 28619,1331,278
8600000US28621,28621,ZCTA5 28621,10942,603
8600000US28622,28622,ZCTA5 28622,1810,347
8600000US28623,28623,ZCTA5 28623,1645,307
8600000US28624,28624,ZCTA5 28624,1791,471
8600000US28625,28625,ZCTA5 28625,38422,1225
8600000US28626,28626,ZCTA5 28626,2472,459
8600000US28627,28627,ZCTA5 28627,1264,304
8600000US28628,28628,ZCTA5 28628,339,143
8600000US28629,28629,ZCTA5 28629,7,13
8600000US28630,28630,ZCTA5 28630,20224,1027
8600000US28631,28631,ZCTA5 28631,643,230
8600000US28634,28634,ZCTA5 28634,5690,757
8600000US28635,28635,ZCTA5 28635,4534,727
8600000US28636,28636,ZCTA5 28636,4829,596
8600000US28637,28637,ZCTA5 28637,1770,324
8600000US28638,28638,ZCTA5 28638,11324,765
8600000US28640,28640,ZCTA5 28640,4712,596
8600000US28642,28642,ZCTA5 28642,5887,649
8600000US28643,28643,ZCTA5 28643,3830,450
8600000US28644,28644,ZCTA5 28644,906,277
8600000US28645,28645,ZCTA5 28645,46312,1119
8600000US28646,28646,ZCTA5 28646,534,189
8600000US28647,28647,ZCTA5 28647,190,149
8600000US28649,28649,ZCTA5 28649,1397,449
8600000US28650,28650,ZCTA5 28650,11475,741
8600000US28651,28651,ZCTA5 28651,7037,833
8600000US28652,28652,ZCTA5 28652,104,156
8600000US28654,28654,ZCTA5 28654,3656,700
8600000US28655,28655,ZCTA5 28655,55053,846
8600000US28657,28657,ZCTA5 28657,9394,630
8600000US28658,28658,ZCTA5 28658,26344,921
8600000US28659,28659,ZCTA5 28659,20251,1135
8600000US28660,28660,ZCTA5 28660,2406,490
8600000US28662,28662,ZCTA5 28662,0,12
8600000US28663,28663,ZCTA5 28663,549,157
8600000US28665,28665,ZCTA5 28665,2377,392
8600000US28666,28666,ZCTA5 28666,455,333
8600000US28667,28667,ZCTA5 28667,441,131
8600000US28668,28668,ZCTA5 28668,390,223
8600000US28669,28669,ZCTA5 28669,2557,432
8600000US28670,28670,ZCTA5 28670,3223,728
8600000US28671,28671,ZCTA5 28671,551,161
8600000US28672,28672,ZCTA5 28672,0,12
8600000US28673,28673,ZCTA5 28673,5696,735
8600000US28675,28675,ZCTA5 28675,6618,384
8600000US28676,28676,ZCTA5 28676,3578,374
8600000US28677,28677,ZCTA5 28677,33789,1067
8600000US28678,28678,ZCTA5 28678,5470,736
8600000US28679,28679,ZCTA5 28679,1879,337
8600000US28681,28681,ZCTA5 28681,27302,878
8600000US28682,28682,ZCTA5 28682,1074,249
8600000US28683,28683,ZCTA5 28683,1736,388
8600000US28684,28684,ZCTA5 28684,2337,443
8600000US28685,28685,ZCTA5 28685,1661,347
8600000US28689,28689,ZCTA5 28689,1290,206
8600000US28690,28690,ZCTA5 28690,8858,484
8600000US28692,28692,ZCTA5 28692,3978,539
8600000US28693,28693,ZCTA5 28693,1450,428
8600000US28694,28694,ZCTA5 28694,7298,677
8600000US28697,28697,ZCTA5 28697,12916,889
8600000US28698,28698,ZCTA5 28698,2015,338
8600000US28701,28701,ZCTA5 28701,3644,630
8600000US28702,28702,ZCTA5 28702,669,248
8600000US28704,28704,ZCTA5 28704,20391,1334
8600000US28705,28705,ZCTA5 28705,6915,416
8600000US28707,28707,ZCTA5 28707,78,65
8600000US28708,28708,ZCTA5 28708,701,285
8600000US28709,28709,ZCTA5 28709,2416,372
8600000US28711,28711,ZCTA5 28711,13121,800
8600000US28712,28712,ZCTA5 28712,18802,664
8600000US28713,28713,ZCTA5 28713,8698,398
8600000US28714,28714,ZCTA5 28714,16350,307
8600000US28715,28715,ZCTA5 28715,25243,1003
8600000US28716,28716,ZCTA5 28716,17025,764
8600000US28717,28717,ZCTA5 28717,1965,490
8600000US28718,28718,ZCTA5 28718,300,144
8600000US28719,28719,ZCTA5 28719,8335,597
8600000US28720,28720,ZCTA5 28720,68,33
8600000US28721,28721,ZCTA5 28721,10352,643
8600000US28722,28722,ZCTA5 28722,6624,497
8600000US28723,28723,ZCTA5 28723,10151,638
8600000US28725,28725,ZCTA5 28725,32,44
8600000US28726,28726,ZCTA5 28726,2252,458
8600000US28729,28729,ZCTA5 28729,3182,564
8600000US28730,28730,ZCTA5 28730,9211,938
8600000US28731,28731,ZCTA5 28731,7910,998
8600000US28732,28732,ZCTA5 28732,16848,791
8600000US28733,28733,ZCTA5 28733,40,45
8600000US28734,28734,ZCTA5 28734,26513,497
8600000US28735,28735,ZCTA5 28735,255,120
8600000US28736,28736,ZCTA5 28736,957,324
8600000US28739,28739,ZCTA5 28739,20041,775
8600000US28740,28740,ZCTA5 28740,1415,324
8600000US28741,28741,ZCTA5 28741,3713,319
8600000US28742,28742,ZCTA5 28742,2746,534
8600000US28743,28743,ZCTA5 28743,2027,211
8600000US28745,28745,ZCTA5 28745,732,310
8600000US28746,28746,ZCTA5 28746,2210,256
8600000US28747,28747,ZCTA5 28747,2174,444
8600000US28748,28748,ZCTA5 28748,12551,1011
8600000US28749,28749,ZCTA5 28749,0,12
8600000US28751,28751,ZCTA5 28751,3204,379
8600000US28752,28752,ZCTA5 28752,30743,775
8600000US28753,28753,ZCTA5 28753,11675,851
8600000US28754,28754,ZCTA5 28754,8358,619
8600000US28756,28756,ZCTA5 28756,4670,624
8600000US28757,28757,ZCTA5 28757,326,128
8600000US28759,28759,ZCTA5 28759,7175,245
8600000US28761,28761,ZCTA5 28761,7748,719
8600000US28762,28762,ZCTA5 28762,6878,498
8600000US28763,28763,ZCTA5 28763,2571,416
8600000US28766,28766,ZCTA5 28766,1043,291
8600000US28768,28768,ZCTA5 28768,7619,572
8600000US28771,28771,ZCTA5 28771,8108,210
8600000US28772,28772,ZCTA5 28772,1311,470
8600000US28773,28773,ZCTA5 28773,2999,563
8600000US28774,28774,ZCTA5 28774,1315,303
8600000US28775,28775,ZCTA5 28775,414,270
8600000US28777,28777,ZCTA5 28777,10401,738
8600000US28778,28778,ZCTA5 28778,10988,936
8600000US28779,28779,ZCTA5 28779,17071,874
8600000US28781,28781,ZCTA5 28781,938,241
8600000US28782,28782,ZCTA5 28782,6439,503
8600000US28783,28783,ZCTA5 28783,1552,366
8600000US28785,28785,ZCTA5 28785,7617,767
8600000US28786,28786,ZCTA5 28786,20320,750
8600000US28787,28787,ZCTA5 28787,19780,1042
8600000US28789,28789,ZCTA5 28789,5013,676
8600000US28790,28790,ZCTA5 28790,3324,462
8600000US28791,28791,ZCTA5 28791,15393,965
8600000US28792,28792,ZCTA5 28792,33622,1266
8600000US28801,28801,ZCTA5 28801,14300,755
8600000US28803,28803,ZCTA5 28803,31478,1474
8600000US28804,28804,ZCTA5 28804,21047,1010
8600000US28805,28805,ZCTA5 28805,18010,1031
8600000US28806,28806,ZCTA5 28806,40326,1521
8600000US28901,28901,ZCTA5 28901,5462,515
8600000US28902,28902,ZCTA5 28902,1476,435
8600000US28904,28904,ZCTA5 28904,8351,520
8600000US28905,28905,ZCTA5 28905,2724,475
8600000US28906,28906,ZCTA5 28906,18542,675
8600000US28909,28909,ZCTA5 28909,1155,408
